Model,Experiment,Accuracy,Precision,Recall,F1,AUROC,AP,MAE,Best_Threshold
flood_LR,baseline,0.9245341255043796,0.3048608588089015,0.2678100276199916,0.2851368803711794,0.7419756273954479,0.2234728882083917,0.4498035650815249,0.7826754010283657
flood_MLP,baseline,0.9407731620691429,0.4576727239577896,0.2913352220877568,0.3560340991886973,0.7798170766209525,0.3308367602007511,0.1041941046714782,0.2079894095659256
flood_SimpleCNN,baseline,0.9394827474569764,0.4596788767364385,0.4380581208484607,0.4486081457678861,0.8572558354176912,0.4367103136669478,0.0828487202525138,0.2774423360824585
flood_SpatialAttentionCNN,baseline,0.9400354591817816,0.4635036496350365,0.4255406770126981,0.4437116372077181,0.8569809522533435,0.4334003801579325,0.0946922749280929,0.3263569474220276
flood_RF,baseline,0.9308330298801492,0.3795113483758852,0.3634251784629582,0.3712941133721972,0.8157937537773942,0.3415997538272545,0.3510935150051392,0.81
