Model,Experiment,Accuracy,Precision,Recall,F1,AUROC,AP,MAE,Best_Threshold
wildfire_LR,baseline,0.8076348606931338,0.2443167492650004,0.6201979155629941,0.3505428994924628,0.797040220638069,0.207411633619768,0.3745510312375597,0.6994461105653011
wildfire_RF,baseline,0.9330609426581028,0.5870949182644803,0.6751240148448658,0.6280398240221888,0.943836854214904,0.6188950521054869,0.1394684641658138,0.65
wildfire_MLP,baseline,0.9298650996778676,0.57821916743612,0.5992509488987405,0.5885472250218773,0.9160021708613478,0.556831882473635,0.1018329635262489,0.2109910994768142
wildfire_SimpleCNN,baseline,0.9403017125225348,0.6474092983372594,0.6298232989219207,0.6384952293051381,0.944317023512302,0.666860798366555,0.0831723064184188,0.3967338800430298
wildfire_SpatialAttentionCNN,baseline,0.9405773297005481,0.6437059934415266,0.6497327933747523,0.6467053524199592,0.9456128271280597,0.6750898734415276,0.07919345796108246,0.35465165972709656
