{
    "hazard": "flood",
    "n_classes": 5,
    "breaks": [
        7.486040658477577e-07,
        0.056963469833135605,
        0.20352423191070557,
        0.4531159996986389,
        0.7549948692321777,
        0.9999998807907104
    ]
}