Model,Experiment,Accuracy,Precision,Recall,F1,AUROC,AP,MAE,Best_Threshold
multi_hazard_LR,baseline,0.6908607013613298,0.690891636407293,0.9995669398012298,0.8170474550010095,0.6460664166947134,0.795122845585406,0.4626408960723466,0.0815667953047171
multi_hazard_MLP,baseline,0.7140639701530991,0.7234396853218414,0.9485848053673702,0.8208538773414491,0.7143831076610716,0.8256256902638082,0.3582317531108856,0.4662086069583893
multi_hazard_SimpleCNN,baseline,0.7516218146784841,0.7597135118752208,0.9365605492974286,0.8389183331597452,0.7681475864124594,0.854802563009126,0.2948656678199768,0.2608250081539154
multi_hazard_SpatialAttentionCNN,baseline,0.7601238566942576,0.7653988288696528,0.9411089168476215,0.8442079030718875,0.7744724663341691,0.8617403597258834,0.2897159457206726,0.2294461280107498
multi_hazard_SimpleCNN,map,0.7592290594950482,0.7682539618987753,0.9327101576414466,0.8425319096148384,0.7807148316059589,0.8658313062062776,0.27818670868873596,0.24371545016765594
