{
    "hazard": "multi_hazard",
    "n_classes": 5,
    "breaks": [
        9.418995361443194e-09,
        0.19876831769943237,
        0.4512201249599457,
        0.683437168598175,
        0.8833888173103333,
        1.0
    ]
}