{
    "hazard": "wildfire",
    "n_classes": 5,
    "breaks": [
        1.8425096171004185e-10,
        0.06428328901529312,
        0.20622441172599792,
        0.39534276723861694,
        0.6204203367233276,
        0.9709848165512085
    ]
}