Model,Experiment,Accuracy,Precision,Recall,F1,AUROC,AP,MAE,Best_Threshold
landslide_FullCNN,sampler,0.9870232578071628,0.6568910556909807,0.8360637479780435,0.7357259532365706,0.9901962177572045,0.7204768637292747,0.0654525086283683,0.9346007
landslide_FullCNN,sampler,0.9868496647189866,0.6602122614880885,0.8063164593885074,0.725986481614566,0.989866855081966,0.7145023343281927,0.029414823278784752,0.6846083998680115
