{
    "hazard": "landslide",
    "n_classes": 5,
    "breaks": [
        8.368899351296477e-09,
        0.05780947953462601,
        0.2105155736207962,
        0.4450034201145172,
        0.7220929861068726,
        0.9918041229248047
    ]
}